date,ticker,company,score,rank,catalyst,items,price,stop,target,rr,atr_pct,mom5d,mom20d,above_ma20,earnings_date,excluded,exclude_reason,ret_2d,ret_5d,ret_10d
2026-09-25,ACAD,8-K - ACADIA PHARMACEUTICALS INC,2.14,0,Other Event,"7.01,8.01,9.01",22.18000030517578,20.7,30.96,5.93,4.45,-19.2,-11.98,0,,0,,,,
2026-09-25,AESI,8-K - Atlas Energy Solutions Inc.,1.79,0,Other Event,"7.01,8.01,9.01",10.989999771118164,9.8,16.8,4.9,7.19,-18.11,-29.64,0,,0,,,,
2026-09-25,AIG,"8-K - AMERICAN INTERNATIONAL GROUP, INC.",1.79,0,Other Event,"8.01,9.01",74.81999969482422,72.79,81.91,3.5,1.81,-1.14,-1.66,0,,0,,,,
2026-09-25,AKAM,8-K - AKAMAI TECHNOLOGIES INC,5.12,1,Material Agreement,"1.01,3.02,5.03,7.01,9.01",110.41000366210938,101.61,131.08,2.35,5.31,3.11,-2.13,1,,0,,,,
2026-09-25,AMC,"8-K - AMC ENTERTAINMENT HOLDINGS, INC.",0.0,0,Item 5.07,"5.02,5.07,8.01,9.01",,,,,,,,,,1,routine filer — filed item 8.01 3× in 6 weeks,,,
2026-09-25,ARE,"8-K - ALEXANDRIA REAL ESTATE EQUITIES, INC.",3.4,0,Material Agreement,"1.01,2.03",50.47999954223633,47.62,57.28,2.37,3.78,-10.4,-4.77,0,,0,,,,
2026-09-25,ATCHW,"8-K - AtlasClear Holdings, Inc.",0.0,0,Earnings Results,"2.02,9.01",,,,,,,,,,1,routine filer — filed item 9.01 3× in 6 weeks,,,
2026-09-25,BBGI,8-K - BEASLEY BROADCAST GROUP INC,0.0,0,Item 3.01,3.01,16.040000915527344,14.32,28.12,7.03,7.14,-6.14,-37.29,0,,1,avg dollar vol $0.8M < $5M,,,
2026-09-25,BKHAU,8-K - Black Hawk Acquisition Corp,0.0,0,Material Agreement,"1.01,3.02,9.01",12.25,12.15,12.5,2.54,0.54,2.94,0.82,1,,1,excluded by name pattern (Black Hawk Acquisition Corporation),,,
2026-09-25,BNED,"8-K - Barnes &amp; Noble Education, Inc.",0.0,0,Other Event,"8.01,9.01",11.130000114440918,10.32,13.22,2.57,4.87,4.41,-15.15,0,,1,avg dollar vol $2.9M < $5M,,,
2026-09-25,BNTC,8-K - Benitec Biopharma Inc.,0.0,0,Item 4.01,"4.01,9.01",9.640000343322754,8.52,13.98,3.89,7.71,-15.14,-24.03,0,,1,avg dollar vol $1.5M < $5M,,,
2026-09-25,BRVO,8-K - Bravo Multinational Inc.,0.0,0,Material Agreement,"1.01,3.02,3.03,5.01,5.02,8.01",0.029999999329447746,0.02,0.03,0.79,11.19,25.0,-9.09,1,,1,price $0.03 outside $5.0–$500.0,,,
2026-09-25,CAR,"8-K - AVIS BUDGET GROUP, INC.",3.56,0,Material Agreement,"1.01,2.03,9.01",103.54000091552734,95.17,171.0,8.06,5.39,-10.15,-29.54,0,,0,,,,
2026-09-25,CLOV,"8-K - CLOVER HEALTH INVESTMENTS, CORP. /DE",0.0,0,Officer Change,"5.02,9.01",,,,,,,,,,1,routine filer — filed item 9.01 3× in 6 weeks,,,
2026-09-25,COST,8-K - COSTCO WHOLESALE CORP /NEW,0.0,0,Earnings Results,"2.02,9.01",896.47998046875,878.96,987.55,5.2,1.3,0.29,-2.89,0,,1,price $896.48 outside $5.0–$500.0,,,
2026-09-25,CRCW,8-K - Crypto Co,0.0,0,Material Agreement,"1.01,2.03,3.02,9.01",0.0010000000474974513,0.0,0.0,0.0,0.0,0.0,0.0,0,,1,price $0.00 outside $5.0–$500.0,,,
2026-09-25,CRMT,8-K - AMERICAS CARMART INC,0.0,0,Material Agreement,"1.01,8.01",,,,,,,,,,1,routine filer — filed item 1.01 4× in 6 weeks,,,
2026-09-25,CTVA,"8-K - Corteva, Inc.",0.0,0,Other Event,"8.01,9.01",,,,,,,,,,1,routine filer — filed item 8.01 6× in 6 weeks,,,
2026-09-25,DCBG,"8-K - Dime Commercial Bancshares, Inc. /NY/",0.0,0,Other Event,"8.01,9.01",26.649999618530273,26.22,27.72,2.5,1.07,-0.74,1.33,0,,1,avg dollar vol $0.0M < $5M,,,
2026-09-25,DEVSF,8-K - DevvStream Corp.,0.0,0,Material Agreement,"1.01,9.01",,,,,,,,,,1,routine filer — filed item 9.01 4× in 6 weeks,,,
2026-09-25,DRI,8-K - DARDEN RESTAURANTS INC,2.6,0,Item 5.07,5.07,207.24000549316406,199.91,229.76,3.07,2.36,0.24,3.45,0,,0,,,,
2026-09-25,EDVA,"8-K - Endovia Health Sciences, Inc.",0.0,0,Material Agreement,"1.01,3.02,9.01",,,,,,,,,,1,routine filer — filed item 9.01 7× in 6 weeks,,,
2026-09-25,FBK,8-K - FB Financial Corp,0.0,0,Material Agreement,"1.01,2.03,9.01",,,,,,,,,,1,routine filer — filed item 9.01 3× in 6 weeks,,,
2026-09-25,FNLC,"8-K - First Bancorp, Inc /ME/",0.0,0,Other Event,8.01,34.20000076293945,32.83,36.3,1.53,2.67,-2.54,-2.69,0,,1,avg dollar vol $1.1M < $5M,,,
2026-09-25,FWDI,"8-K - Forward Industries, Inc.",0.0,0,Material Agreement,"1.01,7.01,8.01,9.01",8.350000381469727,7.39,8.76,0.43,7.67,34.68,77.66,1,,1,already up 34.7% in 5 days,,,
2026-09-25,GAME,"8-K - GameSquare Holdings, Inc.",0.0,0,Officer Change,"5.02,9.01",,,,,,,,,,1,routine filer — filed item 9.01 4× in 6 weeks,,,
2026-09-25,GCTK,"8-K - Glucotrack, Inc.",0.0,0,Material Agreement,"1.01,7.01,9.01",,,,,,,,,,1,routine filer — filed item 1.01 4× in 6 weeks,,,
2026-09-25,GUTS,"8-K - FRACTYL HEALTH, INC.",0.0,0,Item 5.07,5.07,0.4699999988079071,0.4,1.02,7.59,10.27,-20.47,-39.97,0,,1,price $0.47 outside $5.0–$500.0,,,
2026-09-25,HBANZ,8-K - HUNTINGTON BANCSHARES INC /MD/,0.0,0,Officer Change,5.02,,,,,,,,,,1,routine filer — filed item 9.01 3× in 6 weeks,,,
2026-09-25,HURA,"8-K - TuHURA Biosciences, Inc./NV",0.0,0,Item 2.03,"2.03,9.01",,,,,,,,,,1,routine filer — filed item 2.03 4× in 6 weeks,,,
2026-09-25,IBTA,"8-K - Ibotta, Inc.",0.0,0,Reg FD Disclosure,"5.02,7.01,9.01",41.68000030517578,39.13,43.43,0.69,4.07,-0.41,16.07,1,,1,R:R 0.7:1 < 1.5:1 required,,,
2026-09-25,ICFI,"8-K - ICF International, Inc.",3.76,0,Earnings Results,"2.02,9.01",83.0,79.43,95.53,3.51,2.87,-4.25,14.74,0,,0,,,,
2026-09-25,IRDM,8-K - Iridium Communications Inc.,2.92,0,Item 5.07,"5.07,8.01,9.01",48.88999938964844,47.36,56.99,5.3,2.08,2.97,-11.97,1,,0,,,,
2026-09-25,JAGU,8-K - Jaguar Uranium Corp.,0.0,0,Item 5.07,"5.07,9.01",1.4600000381469727,1.29,1.96,2.88,7.93,-7.59,-14.12,0,,1,price $1.46 outside $5.0–$500.0,,,
2026-09-25,KTB,"8-K - Kontoor Brands, Inc.",1.48,0,Officer Change,"5.02,9.01",64.41000366210938,60.74,88.32,6.52,3.8,-1.71,-23.67,0,,0,,,,
2026-09-25,LEA,8-K - LEAR CORP,1.37,0,Other Event,"8.01,9.01",119.37000274658203,113.88,149.08,5.41,3.06,-1.05,-8.21,0,,0,,,,
2026-09-25,LINE,"8-K - Lineage, Inc.",1.14,0,Reg FD Disclosure,"5.02,7.01,9.01",35.95000076293945,34.6,45.75,7.28,2.5,-2.34,-18.3,0,,0,,,,
2026-09-25,MAR,8-K - MARRIOTT INTERNATIONAL INC /MD/,4.22,0,Material Agreement,"1.01,2.03,9.01",351.4150085449219,340.86,383.45,3.03,2.0,3.69,-5.58,1,,0,,,,
2026-09-25,NXGLW,"8-K - NEXGEL, INC.",0.0,0,Reg FD Disclosure,"7.01,9.01",,,,,,,,,,1,routine filer — filed item 9.01 4× in 6 weeks,,,
2026-09-25,OPI,8-K - OFFICE PROPERTIES INCOME TRUST,0.0,0,Material Agreement,"1.01,1.02,2.03,9.01",16.670000076293945,15.31,20.79,3.02,5.45,-5.39,0.42,0,,1,excluded by name pattern (Office Properties Income Trust),,,
2026-09-25,PARAW,"8-K/A - Banzai International, Inc.",2.67,0,Material Agreement,"1.01,9.01",,,,,,,,,,0,,,,
2026-09-25,PGIM,8-K - PGIM Private Credit Fund,2.67,0,Material Agreement,"1.01,2.03,9.01",,,,,,,,,,0,,,,
2026-09-25,PNBK,8-K - PATRIOT NATIONAL BANCORP INC,0.0,0,Material Agreement,"1.01,9.01",,,,,,,,,,1,routine filer — filed item 9.01 3× in 6 weeks,,,
2026-09-25,PRCT,8-K - PROCEPT BioRobotics Corp,2.98,0,Material Agreement,"1.01,9.01",17.149999618530273,15.67,24.09,4.69,5.76,-11.14,-18.45,0,,0,,,,
2026-09-25,ROK,"8-K - ROCKWELL AUTOMATION, INC",2.12,0,Officer Change,5.02,434.3399963378906,419.02,487.85,3.49,2.35,4.5,-7.64,1,,0,,,,
2026-09-25,RZLT,"8-K - Rezolute, Inc.",0.0,0,Earnings Results,"2.02,9.01",3.9539999961853027,3.58,5.64,4.47,6.34,2.97,-19.47,0,,1,price $3.95 outside $5.0–$500.0,,,
2026-09-25,SAY,8-K - SARATOGA INVESTMENT CORP.,0.0,0,Material Agreement,"1.01,2.03,9.01",,,,,,,,,,1,routine filer — filed item 1.01 3× in 6 weeks,,,
2026-09-25,SFB,8-K - STIFEL FINANCIAL CORP,0.0,0,Reg FD Disclosure,"7.01,9.01",,,,,,,,,,1,"routine items only (7.01, 9.01)",,,
2026-09-25,SHAZW,8-K - SharonAI Holdings Inc.,0.0,0,Item 4.01,"4.01,9.01",,,,,,,,,,1,routine filer — filed item 9.01 9× in 6 weeks,,,
2026-09-25,SSGC,8-K - SafeSpace Global Corp,0.0,0,Material Agreement,"1.01,2.03,3.02,9.01",0.08500000089406967,0.07,0.19,7.6,10.84,-14.14,-22.73,0,,1,excluded by name pattern (SafeSpace Global Corporation),,,
2026-09-25,STKS,"8-K - ONE Group Hospitality, Inc.",0.0,0,Officer Change,5.02,1.6299999952316284,1.53,2.15,5.42,3.93,0.62,-17.26,1,,1,price $1.63 outside $5.0–$500.0,,,
2026-09-25,SYY,8-K - SYSCO CORP,0.0,0,Other Event,"8.01,9.01",,,,,,,,,,1,routine filer — filed item 8.01 3× in 6 weeks,,,
2026-09-25,TALO,8-K - TALOS ENERGY INC.,1.15,0,Reg FD Disclosure,"5.02,7.01,9.01",16.625,15.61,18.73,2.07,4.07,-2.26,22.33,0,,0,,,,
2026-09-25,USAC,"8-K - USA Compression Partners, LP",0.0,0,Material Agreement,"1.01,2.03,9.01",,,,,,,,,,1,routine filer — filed item 9.01 3× in 6 weeks,,,
2026-09-25,UYSCR,8-K - UY Scuti Acquisition Corp.,2.67,0,Material Agreement,"1.01,9.01",,,,,,,,,,0,,,,
2026-09-25,VENU,8-K - Venu Holding Corp,0.0,0,Item 5.07,"5.02,5.07,7.01,9.01",1.5449999570846558,1.38,2.88,8.22,7.01,3.69,-29.13,0,,1,price $1.54 outside $5.0–$500.0,,,
2026-09-25,VST,8-K - Vistra Corp.,3.23,0,Material Agreement,"1.01,8.01,9.01",139.24000549316406,133.25,169.48,5.05,2.87,-0.85,-7.67,0,,0,,,,
2026-09-25,WS,"8-K - Worthington Steel, Inc.",2.93,0,Item 5.07,5.07,35.59000015258789,33.74,39.02,1.86,3.46,6.78,11.7,1,,0,,,,
2026-09-25,WTTR,"8-K - Select Water Solutions, Inc.",3.91,0,Material Agreement,"1.01,3.02,7.01,8.01,9.01",20.3700008392334,19.11,22.47,1.67,4.11,-1.97,13.61,1,,0,,,,
2026-09-25,XAIR,"8-K - Beyond Air, Inc.",0.0,0,Material Agreement,"1.01,5.02,9.01",2.9200000762939453,2.63,9.6,23.39,6.52,-5.5,-68.8,0,,1,price $2.92 outside $5.0–$500.0,,,
2026-09-25,ZS,"8-K - Zscaler, Inc.",0.0,0,Officer Change,5.02,204.00999450683594,188.94,216.97,0.86,4.92,3.4,38.47,1,,1,already up 38.5% in 20 days,,,
